{"cameraMode":{"drawMode":0,"name":"Shaded","section":"Shading Mode"},"sceneLighting":true,"audioPlay":false,"sceneViewState":{"showFog":true,"showMaterialUpdate":false,"showSkybox":true,"showFlares":true,"showImageEffects":true,"showParticleSystems":true},"in2DMode":false,"pivot":{"x":2.166585683822632,"y":2.7405667304992677,"z":-2.3978633880615236},"rotation":{"x":-0.1630723774433136,"y":0.4364464581012726,"z":-0.08077347278594971,"w":-0.8811342716217041},"size":10.042860984802246,"orthographic":false}