{"cameraMode":{"drawMode":0,"name":"Shaded","section":"Shading Mode"},"sceneLighting":true,"audioPlay":false,"sceneViewState":{"showFog":true,"showMaterialUpdate":false,"showSkybox":true,"showFlares":true,"showImageEffects":true,"showParticleSystems":true},"in2DMode":false,"pivot":{"x":0.0,"y":1.7699999809265137,"z":-10.255000114440918},"rotation":{"x":-0.12941505014896394,"y":0.3358195126056671,"z":-0.04663956165313721,"w":-0.931827187538147},"size":11.547019004821778,"orthographic":false}